{
  "version": 1,
  "author": "Anonymous maker",
  "editor": "wokwi",
  "parts": [
    { "type": "wokwi-arduino-uno", "id": "uno", "top": -105, "left": -67.8, "attrs": {} },
    {
      "type": "wokwi-led",
      "id": "led1",
      "top": -214.8,
      "left": 13.4,
      "attrs": { "color": "red" }
    },
    {
      "type": "wokwi-resistor",
      "id": "r2",
      "top": -149.65,
      "left": -38.4,
      "attrs": { "value": "1000" }
    }
  ],
  "connections": [
    [ "led1:A", "uno:8", "red", [ "v38.4", "h67.2", "v28.8" ] ],
    [ "led1:C", "r2:2", "green", [ "v0" ] ],
    [ "r2:1", "uno:GND.1", "black", [ "v28.8", "h86.4" ] ]
  ],
  "dependencies": {}
}